<?xml version="1.0" encoding="UTF-8"?>
<project basedir="." default="build" name="">

<property file="${basedir}/build.properties"/>

<tstamp>
    <format property="TODAY" pattern="MM_dd_yyyy"/>
</tstamp>

<target name="cvs.to.clearcase1">
	<exec executable="/bin/bash">
        <arg line="clean.cvs.files.sh"/>
	</exec>
</target>

<target name="cvs.to.clearcase2">
   <echo message = "Check in Code to Clearcase File System from Local File System."/>
	<exec executable="clearfsimport">
	 <arg line="-r -nsetevent /tmp/fid/src  ${fidzipsrc}"/>
	</exec>
</target>

<target name="createzip">
    <echo message="Source Directory to be zipped :${fidzipsrc}" />
    <echo message="Target Zip file name : ${fidzipdist}/${fidzipname}" />
    <delete dir="${fidzipdist}" />
    <zip destfile="${fidzipdist}/${fidzipname}" basedir="${fidzipsrc}" update="true"/>
</target>

<target name="audited.build">
   <exec executable="clearaudit">
     <arg line="-c '/bin/ksh build.ksh' "/>
   </exec>
</target>

<target name="audited.deploy">
   <echo message="Check-in Fidessa deployment image." />
   <exec executable="/bin/ksh">
      <arg line="deploy.ksh"/>
   </exec>
</target>

<target name="make.baseline">
   <ccmkbl
      baselinerootname="fid_xpfixout_01.00_${TODAY}"
      identical="yes"
      full="no"
   />
</target>

<target name="recommend.baseline">
   <exec executable="cleartool">
        <arg line="chstream -recommended -default fid_xpfixout_vendor_01.00_integration@/vobs/nbos_pvob04"/>
   </exec>
</target>

<target name="build">
    <antcall target="audited.build"/>
    <antcall target="audited.deploy"/>
    <antcall target="make.baseline"/>
    <antcall target="recommend.baseline"/>
</target>

</project>
